{
  "version": "V2.1",
  "n_train": 60,
  "n_test": 30,
  "n_features": 16,
  "n_z": 100,
  "n_epochs": 200,
  "best_epoch": 200,
  "loss_weights": {
    "A": 2.0,
    "f": 2.0,
    "R": 0.001,
    "zh": 0.1,
    "family": 0.05,
    "physics": 0.05,
    "physics_ads": 0.02
  },
  "train_metrics": {
    "final_total_loss": 0.9448137005170187,
    "final_A_loss": 0.4063436686992645,
    "final_f_loss": 0.022109175100922585,
    "final_R_loss": 0.16339373389879863,
    "final_zh_loss": 0.00027960094254619134,
    "final_family_loss": 0.7981819788614909,
    "final_physics_loss": 0.5968835751215616
  },
  "test_metrics": {
    "A_r2": -0.14383481705654022,
    "f_r2": 0.9636779722246238,
    "R_r2": -0.005799828274783758,
    "zh_mae": 0.026796080300604746,
    "family_accuracy": 0.03333333333333333
  },
  "metrics_by_family": {
    "lifshitz": {
      "count": 10,
      "A_r2": 0.21815598835435035,
      "f_r2": 0.9603506128300263
    },
    "deformed": {
      "count": 10,
      "A_r2": -1.5561574507576923,
      "f_r2": 0.9569671050976917
    },
    "unknown": {
      "count": 10,
      "A_r2": 0.2047741174687835,
      "f_r2": 0.9717790750138857
    }
  },
  "normalizer_stats": {
    "A_mean": -0.7546724591437632,
    "A_std": 0.7117438614063577,
    "f_mean": 0.15961925875756627,
    "f_std": 0.335778211727957,
    "R_mean": -3.1538377862267892,
    "R_std": 8.169722799274702
  }
}