{
  "version": "V2.2",
  "mode": "train",
  "n_train": 9,
  "n_test": 8,
  "n_features": 16,
  "n_z": 100,
  "n_epochs": 2000,
  "best_epoch": 2000,
  "loss_weights": {
    "A": 2.0,
    "f": 2.0,
    "R": 0.001,
    "zh": 0.1,
    "family": 0.05,
    "physics": 0.05,
    "physics_ads": 0.02
  },
  "train_metrics": {
    "final_total_loss": 0.15594393014907837,
    "final_A_loss": 0.04180753231048584,
    "final_f_loss": 0.008458892814815044,
    "final_R_loss": 0.0009723834809847176,
    "final_zh_loss": 5.9528676501940936e-05,
    "final_family_loss": 0.004555616062134504,
    "final_physics_loss": 0.789650559425354
  },
  "test_metrics": {
    "A_r2": 0.35890897400928246,
    "f_r2": 0.9726222751655937,
    "R_r2": -0.006333896995672994,
    "zh_mae": 0.07064842476837546,
    "family_accuracy": 0.25
  },
  "metrics_by_family": {
    "ads": {
      "count": 2,
      "A_r2": 0.9129154145650226,
      "f_r2": 0.977984657081396
    },
    "lifshitz": {
      "count": 2,
      "A_r2": 0.853272094218293,
      "f_r2": 0.9566799155662092
    },
    "deformed": {
      "count": 2,
      "A_r2": -3.472071812152363,
      "f_r2": 0.9632315669742716
    },
    "unknown": {
      "count": 2,
      "A_r2": 0.8864249935483351,
      "f_r2": 0.9902984724888576
    }
  },
  "normalizer_stats": {
    "A_mean": -0.7061431737020162,
    "A_std": 0.7145558685471652,
    "f_mean": 0.17170429302081863,
    "f_std": 0.34633102661194165,
    "R_mean": -3.1526811894609086,
    "R_std": 8.410386572982333
  }
}