{
  "material": "strange_metal_cuprate",
  "T_K": [
    10.0,
    12.929292929292929,
    15.858585858585858,
    18.78787878787879,
    21.717171717171716,
    24.646464646464647,
    27.575757575757578,
    30.505050505050505,
    33.43434343434343,
    36.36363636363637,
    39.292929292929294,
    42.22222222222222,
    45.151515151515156,
    48.08080808080808,
    51.01010101010101,
    53.939393939393945,
    56.86868686868687,
    59.7979797979798,
    62.727272727272734,
    65.65656565656566,
    68.58585858585859,
    71.51515151515153,
    74.44444444444444,
    77.37373737373738,
    80.30303030303031,
    83.23232323232324,
    86.16161616161617,
    89.0909090909091,
    92.02020202020202,
    94.94949494949496,
    97.87878787878789,
    100.80808080808082,
    103.73737373737374,
    106.66666666666667,
    109.5959595959596,
    112.52525252525253,
    115.45454545454547,
    118.3838383838384,
    121.31313131313132,
    124.24242424242425,
    127.17171717171718,
    130.1010101010101,
    133.03030303030306,
    135.95959595959596,
    138.88888888888889,
    141.81818181818184,
    144.74747474747477,
    147.6767676767677,
    150.60606060606062,
    153.53535353535355,
    156.46464646464648,
    159.3939393939394,
    162.32323232323233,
    165.25252525252526,
    168.1818181818182,
    171.11111111111111,
    174.04040404040404,
    176.96969696969697,
    179.89898989898992,
    182.82828282828285,
    185.75757575757578,
    188.6868686868687,
    191.61616161616163,
    194.54545454545456,
    197.4747474747475,
    200.40404040404042,
    203.33333333333334,
    206.26262626262627,
    209.1919191919192,
    212.12121212121212,
    215.05050505050505,
    217.979797979798,
    220.90909090909093,
    223.83838383838386,
    226.7676767676768,
    229.69696969696972,
    232.62626262626264,
    235.55555555555557,
    238.4848484848485,
    241.41414141414143,
    244.34343434343435,
    247.27272727272728,
    250.2020202020202,
    253.13131313131314,
    256.0606060606061,
    258.989898989899,
    261.9191919191919,
    264.8484848484849,
    267.77777777777777,
    270.7070707070707,
    273.6363636363637,
    276.5656565656566,
    279.49494949494954,
    282.42424242424244,
    285.3535353535354,
    288.2828282828283,
    291.21212121212125,
    294.14141414141415,
    297.0707070707071,
    300.0
  ],
  "rho_uOhm_cm": [
    15.0,
    16.464646464646464,
    17.929292929292927,
    19.393939393939394,
    20.858585858585858,
    22.323232323232325,
    23.78787878787879,
    25.252525252525253,
    26.717171717171716,
    28.181818181818183,
    29.646464646464647,
    31.11111111111111,
    32.57575757575758,
    34.04040404040404,
    35.505050505050505,
    36.96969696969697,
    38.43434343434343,
    39.898989898989896,
    41.36363636363637,
    42.82828282828283,
    44.292929292929294,
    45.757575757575765,
    47.22222222222222,
    48.68686868686869,
    50.151515151515156,
    51.61616161616162,
    53.08080808080808,
    54.54545454545455,
    56.01010101010101,
    57.47474747474748,
    58.939393939393945,
    60.40404040404041,
    61.86868686868687,
    63.333333333333336,
    64.79797979797979,
    66.26262626262627,
    67.72727272727273,
    69.1919191919192,
    70.65656565656566,
    72.12121212121212,
    73.58585858585859,
    75.05050505050505,
    76.51515151515153,
    77.97979797979798,
    79.44444444444444,
    80.90909090909092,
    82.37373737373738,
    83.83838383838385,
    85.30303030303031,
    86.76767676767678,
    88.23232323232324,
    89.6969696969697,
    91.16161616161617,
    92.62626262626263,
    94.0909090909091,
    95.55555555555556,
    97.02020202020202,
    98.48484848484848,
    99.94949494949496,
    101.41414141414143,
    102.87878787878789,
    104.34343434343435,
    105.80808080808082,
    107.27272727272728,
    108.73737373737374,
    110.20202020202021,
    111.66666666666667,
    113.13131313131314,
    114.5959595959596,
    116.06060606060606,
    117.52525252525253,
    118.989898989899,
    120.45454545454547,
    121.91919191919193,
    123.3838383838384,
    124.84848484848486,
    126.31313131313132,
    127.77777777777779,
    129.24242424242425,
    130.70707070707073,
    132.17171717171718,
    133.63636363636363,
    135.1010101010101,
    136.56565656565658,
    138.03030303030306,
    139.4949494949495,
    140.95959595959596,
    142.42424242424244,
    143.88888888888889,
    145.35353535353536,
    146.81818181818184,
    148.2828282828283,
    149.74747474747477,
    151.21212121212122,
    152.6767676767677,
    154.14141414141415,
    155.60606060606062,
    157.07070707070707,
    158.53535353535355,
    160.0
  ]
}