{
  "version": "V2.1",
  "n_train": 60,
  "n_test": 30,
  "n_features": 15,
  "n_z": 100,
  "n_epochs": 200,
  "best_epoch": 200,
  "loss_weights": {
    "A": 2.0,
    "f": 2.0,
    "R": 0.001,
    "zh": 0.1,
    "family": 0.05,
    "physics": 0.05,
    "physics_ads": 0.02
  },
  "train_metrics": {
    "final_total_loss": 1.0035803278287252,
    "final_A_loss": 0.430910857518514,
    "final_f_loss": 0.0247504776964585,
    "final_R_loss": 0.17461200952529907,
    "final_zh_loss": 0.0004839540071164568,
    "final_family_loss": 0.8900076587994894,
    "final_physics_loss": 0.5859000603357951
  },
  "test_metrics": {
    "A_r2": -0.1579010778415324,
    "f_r2": 0.9596626991930347,
    "R_r2": -0.0057998281447098066,
    "zh_mae": 0.02822406895564572,
    "family_accuracy": 0.03333333333333333
  },
  "metrics_by_family": {
    "lifshitz": {
      "count": 10,
      "A_r2": 0.17978006134790736,
      "f_r2": 0.9547758466385414
    },
    "deformed": {
      "count": 10,
      "A_r2": -1.5452052609983422,
      "f_r2": 0.953561218879798
    },
    "unknown": {
      "count": 10,
      "A_r2": 0.16437119678939105,
      "f_r2": 0.968904802889603
    }
  },
  "normalizer_stats": {
    "A_mean": -0.7546724591437632,
    "A_std": 0.7117438614063577,
    "f_mean": 0.15961925875756627,
    "f_std": 0.335778211727957,
    "R_mean": -3.1538377862267892,
    "R_std": 8.169722799274702
  }
}