{
  "n_train": 60,
  "n_test": 30,
  "train_metrics": {
    "final_total_loss": 251746.625,
    "final_A_loss": 0.5816032290458679,
    "final_f_loss": 0.013526885770261288,
    "final_R_loss": 503490.84375,
    "final_zh_loss": 0.00025889536482281983,
    "final_family_loss": 0.957176148891449,
    "final_physics_loss": 3.389303684234619
  },
  "test_metrics": {
    "A_r2": -0.21336297987189012,
    "f_r2": 0.8238580425801113,
    "R_r2": -0.009214908813367506,
    "zh_mae": 0.04206076152942662,
    "family_accuracy": 0.06666666666666667
  }
}