{
  "n_train": 60,
  "n_test": 30,
  "train_metrics": {
    "A_r2": 0.9908777576326905,
    "f_r2": 0.9998271500785824,
    "R_r2": -0.004665650326395543,
    "zh_mae": 0.0007020443000583872,
    "family_accuracy": 1.0
  },
  "test_metrics": {
    "A_r2": 0.07668714563480084,
    "f_r2": 0.9846952261535166,
    "R_r2": -0.006965126997865445,
    "zh_mae": 0.037631600724773985,
    "family_accuracy": 0.06666666666666667
  },
  "final_loss": 0.01876693032681942,
  "model_path": "fase11_output_v2/geometry/emergent_geometry_model.pt",
  "predictions_dir": "fase11_output_v2/geometry/predictions"
}