{
  "version": "V2.1",
  "n_train": 20,
  "n_test": 10,
  "n_features": 16,
  "n_z": 100,
  "n_epochs": 200,
  "best_epoch": 200,
  "loss_weights": {
    "A": 2.0,
    "f": 2.0,
    "R": 0.001,
    "zh": 0.1,
    "family": 0.05,
    "physics": 0.05,
    "physics_ads": 0.02
  },
  "train_metrics": {
    "final_total_loss": 1.2203456163406372,
    "final_A_loss": 0.5617040395736694,
    "final_f_loss": 0.02169102057814598,
    "final_R_loss": 0.07407709956169128,
    "final_zh_loss": 0.0001482986262999475,
    "final_family_loss": 0.0007979559013620019,
    "final_physics_loss": 0.6773498058319092
  },
  "test_metrics": {
    "A_r2": -0.01797395063045859,
    "f_r2": 0.9579022583643992,
    "R_r2": -0.007410245607462285,
    "zh_mae": 0.023254506496688067,
    "family_accuracy": 1.0
  },
  "metrics_by_family": {
    "ads": {
      "count": 10,
      "A_r2": -0.01797395063045859,
      "f_r2": 0.9579022583643992
    }
  },
  "normalizer_stats": {
    "A_mean": -0.9182381232669017,
    "A_std": 0.7187310476242775,
    "f_mean": 0.15592996809978507,
    "f_std": 0.33364087322030633,
    "R_mean": -3.5116014178340427,
    "R_std": 8.763511637257063
  }
}